schema_version,submission_id,method_id,method_name,configuration_id,candidate_group,selection_role,selected_from,base_format,operator_id,dtype,backend_id,hardware,peak_gflops,job_id,dataset_id,matrix_id,matrix_name,rows,cols,nnz,status,operations,preprocess_ms,solve_ms,solve_gflops,solve_only_efficiency_percent,timestamp,source_kind
2,d76fc79d-6f7e-447c-b2f2-8c452b876543-A100-SXM4-80GB-spmv.csr.fp32-sigma-131072,GHOST-SELL-C32-sigma-131072,GHOST SELL-C32 sigma 131072,sigma-131072,GHOST-SELL-C32-sigma,candidate,,sell,spmv.csr.fp32,fp32,A100-SXM4-80GB,A100-SXM4-80GB,19500.0,d76fc79d-6f7e-447c-b2f2-8c452b876543,suitesparse_sample_100,Buss/12month1,12month1,12471,872622,22624727,pass,45249454.0,3401.996938,15.2933828,2.9587603077587254,0.01517312978337808,2026-09-01T05:28:38.754946+00:00,source
2,d76fc79d-6f7e-447c-b2f2-8c452b876543-A100-SXM4-80GB-spmv.csr.fp32-sigma-131072,GHOST-SELL-C32-sigma-131072,GHOST SELL-C32 sigma 131072,sigma-131072,GHOST-SELL-C32-sigma,candidate,,sell,spmv.csr.fp32,fp32,A100-SXM4-80GB,A100-SXM4-80GB,19500.0,d76fc79d-6f7e-447c-b2f2-8c452b876543,suitesparse_sample_100,Bodendiek/CurlCurl_1,CurlCurl_1,226451,226451,2472071,pass,4944142.0,626.177845,3.77808965,1.3086354369595228,0.006710950958766783,2026-09-01T05:27:25.738486+00:00,source
2,d76fc79d-6f7e-447c-b2f2-8c452b876543-A100-SXM4-80GB-spmv.csr.fp32-sigma-131072,GHOST-SELL-C32-sigma-131072,GHOST SELL-C32 sigma 131072,sigma-131072,GHOST-SELL-C32-sigma,candidate,,sell,spmv.csr.fp32,fp32,A100-SXM4-80GB,A100-SXM4-80GB,19500.0,d76fc79d-6f7e-447c-b2f2-8c452b876543,suitesparse_sample_100,UTEP/Dubcova2,Dubcova2,65025,65025,1030225,pass,2060450.0,321.5473,0.02876605,71.62783906723377,0.3673222516268398,2026-09-01T05:33:43.683295+00:00,source
2,d76fc79d-6f7e-447c-b2f2-8c452b876543-A100-SXM4-80GB-spmv.csr.fp32-sigma-131072,GHOST-SELL-C32-sigma-131072,GHOST SELL-C32 sigma 131072,sigma-131072,GHOST-SELL-C32-sigma,candidate,,sell,spmv.csr.fp32,fp32,A100-SXM4-80GB,A100-SXM4-80GB,19500.0,d76fc79d-6f7e-447c-b2f2-8c452b876543,suitesparse_sample_100,Freescale/Freescale2,Freescale2,2999349,2999349,23042677,pass,46085354.0,46336.636564,5.5920762,8.241188487381484,0.042262505063494785,2026-09-01T05:25:34.312200+00:00,source
2,d76fc79d-6f7e-447c-b2f2-8c452b876543-A100-SXM4-80GB-spmv.csr.fp32-sigma-131072,GHOST-SELL-C32-sigma-131072,GHOST SELL-C32 sigma 131072,sigma-131072,GHOST-SELL-C32-sigma,candidate,,sell,spmv.csr.fp32,fp32,A100-SXM4-80GB,A100-SXM4-80GB,19500.0,d76fc79d-6f7e-447c-b2f2-8c452b876543,suitesparse_sample_100,Gset/G3,G3,800,800,38352,pass,76704.0,352.985735,0.03147555,2.4369391480053566,0.012497123835924906,2026-09-01T05:33:07.440661+00:00,source
2,d76fc79d-6f7e-447c-b2f2-8c452b876543-A100-SXM4-80GB-spmv.csr.fp32-sigma-131072,GHOST-SELL-C32-sigma-131072,GHOST SELL-C32 sigma 131072,sigma-131072,GHOST-SELL-C32-sigma,candidate,,sell,spmv.csr.fp32,fp32,A100-SXM4-80GB,A100-SXM4-80GB,19500.0,d76fc79d-6f7e-447c-b2f2-8c452b876543,suitesparse_sample_100,JGD_GL6/GL6_D_7,GL6_D_7,636,470,5378,pass,10756.0,592.691576,0.02765305,0.3889625195050817,0.0019946795872055473,2026-09-01T05:21:57.571722+00:00,source
2,d76fc79d-6f7e-447c-b2f2-8c452b876543-A100-SXM4-80GB-spmv.csr.fp32-sigma-131072,GHOST-SELL-C32-sigma-131072,GHOST SELL-C32 sigma 131072,sigma-131072,GHOST-SELL-C32-sigma,candidate,,sell,spmv.csr.fp32,fp32,A100-SXM4-80GB,A100-SXM4-80GB,19500.0,d76fc79d-6f7e-447c-b2f2-8c452b876543,suitesparse_sample_100,JGD_GL7d/GL7d16,GL7d16,955128,460261,14488881,pass,28977762.0,1655.612616,0.2264507,127.96499193864271,0.6562307278904754,2026-09-01T05:31:09.137455+00:00,source
2,d76fc79d-6f7e-447c-b2f2-8c452b876543-A100-SXM4-80GB-spmv.csr.fp32-sigma-131072,GHOST-SELL-C32-sigma-131072,GHOST SELL-C32 sigma 131072,sigma-131072,GHOST-SELL-C32-sigma,candidate,,sell,spmv.csr.fp32,fp32,A100-SXM4-80GB,A100-SXM4-80GB,19500.0,d76fc79d-6f7e-447c-b2f2-8c452b876543,suitesparse_sample_100,DIMACS10/M6,M6,3501776,3501776,21003872,pass,42007744.0,2072.452005,0.3525933,119.13937105441312,0.610971133612375,2026-09-01T05:21:07.889367+00:00,source
2,d76fc79d-6f7e-447c-b2f2-8c452b876543-A100-SXM4-80GB-spmv.csr.fp32-sigma-131072,GHOST-SELL-C32-sigma-131072,GHOST SELL-C32 sigma 131072,sigma-131072,GHOST-SELL-C32-sigma,candidate,,sell,spmv.csr.fp32,fp32,A100-SXM4-80GB,A100-SXM4-80GB,19500.0,d76fc79d-6f7e-447c-b2f2-8c452b876543,suitesparse_sample_100,FlowIPM22/Spielman_k100,Spielman_k100,338402,338402,1025404,pass,2050808.0,675.944766,0.05328505,38.4874932086955,0.19737176004459228,2026-09-01T05:34:06.417525+00:00,source
2,d76fc79d-6f7e-447c-b2f2-8c452b876543-A100-SXM4-80GB-spmv.csr.fp32-sigma-131072,GHOST-SELL-C32-sigma-131072,GHOST SELL-C32 sigma 131072,sigma-131072,GHOST-SELL-C32-sigma,candidate,,sell,spmv.csr.fp32,fp32,A100-SXM4-80GB,A100-SXM4-80GB,19500.0,d76fc79d-6f7e-447c-b2f2-8c452b876543,suitesparse_sample_100,FlowIPM22/Spielman_k400,Spielman_k400,21413602,21413602,64401604,pass,128803208.0,15133.306223,0.9503653,135.5302092784743,0.6950267142485862,2026-09-01T05:24:31.336713+00:00,source
2,d76fc79d-6f7e-447c-b2f2-8c452b876543-A100-SXM4-80GB-spmv.csr.fp32-sigma-131072,GHOST-SELL-C32-sigma-131072,GHOST SELL-C32 sigma 131072,sigma-131072,GHOST-SELL-C32-sigma,candidate,,sell,spmv.csr.fp32,fp32,A100-SXM4-80GB,A100-SXM4-80GB,19500.0,d76fc79d-6f7e-447c-b2f2-8c452b876543,suitesparse_sample_100,TSOPF/TSOPF_FS_b39_c19,TSOPF_FS_b39_c19,76216,76216,1977600,pass,3955200.0,1783.615064,3.63012755,1.0895484925867136,0.005587428167111352,2026-09-01T05:33:56.147315+00:00,source
2,d76fc79d-6f7e-447c-b2f2-8c452b876543-A100-SXM4-80GB-spmv.csr.fp32-sigma-131072,GHOST-SELL-C32-sigma-131072,GHOST SELL-C32 sigma 131072,sigma-131072,GHOST-SELL-C32-sigma,candidate,,sell,spmv.csr.fp32,fp32,A100-SXM4-80GB,A100-SXM4-80GB,19500.0,d76fc79d-6f7e-447c-b2f2-8c452b876543,suitesparse_sample_100,TSOPF/TSOPF_FS_b39_c30,TSOPF_FS_b39_c30,120216,120216,3121160,pass,6242320.0,4810.026158,8.5655662,0.7287691034365015,0.0037372774535205204,2026-09-01T05:33:51.869530+00:00,source
2,d76fc79d-6f7e-447c-b2f2-8c452b876543-A100-SXM4-80GB-spmv.csr.fp32-sigma-131072,GHOST-SELL-C32-sigma-131072,GHOST SELL-C32 sigma 131072,sigma-131072,GHOST-SELL-C32-sigma,candidate,,sell,spmv.csr.fp32,fp32,A100-SXM4-80GB,A100-SXM4-80GB,19500.0,d76fc79d-6f7e-447c-b2f2-8c452b876543,suitesparse_sample_100,Sandia/adder_dcop_31,adder_dcop_31,1813,1813,11246,pass,22492.0,280.149335,0.1164276,0.19318443393147328,0.000990689404776786,2026-09-01T05:33:11.533348+00:00,source
2,d76fc79d-6f7e-447c-b2f2-8c452b876543-A100-SXM4-80GB-spmv.csr.fp32-sigma-131072,GHOST-SELL-C32-sigma-131072,GHOST SELL-C32 sigma 131072,sigma-131072,GHOST-SELL-C32-sigma,candidate,,sell,spmv.csr.fp32,fp32,A100-SXM4-80GB,A100-SXM4-80GB,19500.0,d76fc79d-6f7e-447c-b2f2-8c452b876543,suitesparse_sample_100,Schenk_AFE/af_4_k101,af_4_k101,503625,503625,17550675,pass,35101350.0,1716.258937,0.1200341,292.42815166690133,1.4996315470097503,2026-09-01T05:26:23.798104+00:00,source
2,d76fc79d-6f7e-447c-b2f2-8c452b876543-A100-SXM4-80GB-spmv.csr.fp32-sigma-131072,GHOST-SELL-C32-sigma-131072,GHOST SELL-C32 sigma 131072,sigma-131072,GHOST-SELL-C32-sigma,candidate,,sell,spmv.csr.fp32,fp32,A100-SXM4-80GB,A100-SXM4-80GB,19500.0,d76fc79d-6f7e-447c-b2f2-8c452b876543,suitesparse_sample_100,DIMACS10/ar2010,ar2010,186211,186211,904310,pass,1808620.0,473.028165,0.04617305,39.170468487570126,0.20087419737215448,2026-09-01T05:26:36.064516+00:00,source
2,d76fc79d-6f7e-447c-b2f2-8c452b876543-A100-SXM4-80GB-spmv.csr.fp32-sigma-131072,GHOST-SELL-C32-sigma-131072,GHOST SELL-C32 sigma 131072,sigma-131072,GHOST-SELL-C32-sigma,candidate,,sell,spmv.csr.fp32,fp32,A100-SXM4-80GB,A100-SXM4-80GB,19500.0,d76fc79d-6f7e-447c-b2f2-8c452b876543,suitesparse_sample_100,Newman/as-22july06,as-22july06,22963,22963,96872,pass,193744.0,480.167082,0.2236657,0.8662213294215431,0.004442160663700221,2026-09-01T05:28:40.472689+00:00,source
2,d76fc79d-6f7e-447c-b2f2-8c452b876543-A100-SXM4-80GB-spmv.csr.fp32-sigma-131072,GHOST-SELL-C32-sigma-131072,GHOST SELL-C32 sigma 131072,sigma-131072,GHOST-SELL-C32-sigma,candidate,,sell,spmv.csr.fp32,fp32,A100-SXM4-80GB,A100-SXM4-80GB,19500.0,d76fc79d-6f7e-447c-b2f2-8c452b876543,suitesparse_sample_100,SNAP/as-Skitter,as-Skitter,1696415,1696415,22190596,pass,44381192.0,28250.519479,7.34378515,6.0433674315758,0.03099162785423487,2026-09-01T05:27:21.305085+00:00,source
2,d76fc79d-6f7e-447c-b2f2-8c452b876543-A100-SXM4-80GB-spmv.csr.fp32-sigma-131072,GHOST-SELL-C32-sigma-131072,GHOST SELL-C32 sigma 131072,sigma-131072,GHOST-SELL-C32-sigma,candidate,,sell,spmv.csr.fp32,fp32,A100-SXM4-80GB,A100-SXM4-80GB,19500.0,d76fc79d-6f7e-447c-b2f2-8c452b876543,suitesparse_sample_100,Grund/b_dyn,b_dyn,1089,1089,4264,pass,8528.0,341.399335,0.026779,0.318458493595728,0.001633120479978092,2026-09-01T05:31:17.457679+00:00,source
2,d76fc79d-6f7e-447c-b2f2-8c452b876543-A100-SXM4-80GB-spmv.csr.fp32-sigma-131072,GHOST-SELL-C32-sigma-131072,GHOST SELL-C32 sigma 131072,sigma-131072,GHOST-SELL-C32-sigma,candidate,,sell,spmv.csr.fp32,fp32,A100-SXM4-80GB,A100-SXM4-80GB,19500.0,d76fc79d-6f7e-447c-b2f2-8c452b876543,suitesparse_sample_100,Nasa/barth5,barth5,15606,15606,61484,pass,122968.0,304.685275,0.02822305,4.357006064192212,0.02234362084201134,2026-09-01T05:32:49.766363+00:00,source
2,d76fc79d-6f7e-447c-b2f2-8c452b876543-A100-SXM4-80GB-spmv.csr.fp32-sigma-131072,GHOST-SELL-C32-sigma-131072,GHOST SELL-C32 sigma 131072,sigma-131072,GHOST-SELL-C32-sigma,candidate,,sell,spmv.csr.fp32,fp32,A100-SXM4-80GB,A100-SXM4-80GB,19500.0,d76fc79d-6f7e-447c-b2f2-8c452b876543,suitesparse_sample_100,HB/bcsstm12,bcsstm12,1473,1473,19659,pass,39318.0,459.138395,0.0274075,1.4345708291526043,0.007356773482833868,2026-09-01T05:33:58.630714+00:00,source
2,d76fc79d-6f7e-447c-b2f2-8c452b876543-A100-SXM4-80GB-spmv.csr.fp32-sigma-131072,GHOST-SELL-C32-sigma-131072,GHOST SELL-C32 sigma 131072,sigma-131072,GHOST-SELL-C32-sigma,candidate,,sell,spmv.csr.fp32,fp32,A100-SXM4-80GB,A100-SXM4-80GB,19500.0,d76fc79d-6f7e-447c-b2f2-8c452b876543,suitesparse_sample_100,Bai/bfwb782,bfwb782,782,782,5982,pass,11964.0,504.208772,0.0295525,0.40483884612130955,0.0020760966467759465,2026-09-01T05:34:56.471619+00:00,source
2,d76fc79d-6f7e-447c-b2f2-8c452b876543-A100-SXM4-80GB-spmv.csr.fp32-sigma-131072,GHOST-SELL-C32-sigma-131072,GHOST SELL-C32 sigma 131072,sigma-131072,GHOST-SELL-C32-sigma,candidate,,sell,spmv.csr.fp32,fp32,A100-SXM4-80GB,A100-SXM4-80GB,19500.0,d76fc79d-6f7e-447c-b2f2-8c452b876543,suitesparse_sample_100,Gaertner/big,big,13209,13209,91465,pass,182930.0,612.683193,0.034911,5.239895734868666,0.026871260178813673,2026-09-01T05:36:01.982801+00:00,source
2,d76fc79d-6f7e-447c-b2f2-8c452b876543-A100-SXM4-80GB-spmv.csr.fp32-sigma-131072,GHOST-SELL-C32-sigma-131072,GHOST SELL-C32 sigma 131072,sigma-131072,GHOST-SELL-C32-sigma,candidate,,sell,spmv.csr.fp32,fp32,A100-SXM4-80GB,A100-SXM4-80GB,19500.0,d76fc79d-6f7e-447c-b2f2-8c452b876543,suitesparse_sample_100,Schenk_IBMNA/c-29,c-29,5033,5033,43731,pass,87462.0,374.163603,0.06201105,1.410426045035522,0.007232954077105241,2026-09-01T05:26:45.804251+00:00,source
2,d76fc79d-6f7e-447c-b2f2-8c452b876543-A100-SXM4-80GB-spmv.csr.fp32-sigma-131072,GHOST-SELL-C32-sigma-131072,GHOST SELL-C32 sigma 131072,sigma-131072,GHOST-SELL-C32-sigma,candidate,,sell,spmv.csr.fp32,fp32,A100-SXM4-80GB,A100-SXM4-80GB,19500.0,d76fc79d-6f7e-447c-b2f2-8c452b876543,suitesparse_sample_100,Schenk_IBMNA/c-65,c-65,48066,48066,360528,pass,721056.0,560.676669,0.29855825,2.4151266963816944,0.012385265109649714,2026-09-01T05:22:04.454097+00:00,source
2,d76fc79d-6f7e-447c-b2f2-8c452b876543-A100-SXM4-80GB-spmv.csr.fp32-sigma-131072,GHOST-SELL-C32-sigma-131072,GHOST SELL-C32 sigma 131072,sigma-131072,GHOST-SELL-C32-sigma,candidate,,sell,spmv.csr.fp32,fp32,A100-SXM4-80GB,A100-SXM4-80GB,19500.0,d76fc79d-6f7e-447c-b2f2-8c452b876543,suitesparse_sample_100,vanHeukelum/cage14,cage14,1505785,1505785,27130349,pass,54260698.0,2290.954738,0.19085515,284.30303295457315,1.4579642715619134,2026-09-01T05:33:35.522159+00:00,source
2,d76fc79d-6f7e-447c-b2f2-8c452b876543-A100-SXM4-80GB-spmv.csr.fp32-sigma-131072,GHOST-SELL-C32-sigma-131072,GHOST SELL-C32 sigma 131072,sigma-131072,GHOST-SELL-C32-sigma,candidate,,sell,spmv.csr.fp32,fp32,A100-SXM4-80GB,A100-SXM4-80GB,19500.0,d76fc79d-6f7e-447c-b2f2-8c452b876543,suitesparse_sample_100,vanHeukelum/cage15,cage15,5154859,5154859,99199551,pass,198399102.0,6943.285545,0.62931355,315.2627207852111,1.616731901462621,2026-09-01T05:30:14.595868+00:00,source
2,d76fc79d-6f7e-447c-b2f2-8c452b876543-A100-SXM4-80GB-spmv.csr.fp32-sigma-131072,GHOST-SELL-C32-sigma-131072,GHOST SELL-C32 sigma 131072,sigma-131072,GHOST-SELL-C32-sigma,candidate,,sell,spmv.csr.fp32,fp32,A100-SXM4-80GB,A100-SXM4-80GB,19500.0,d76fc79d-6f7e-447c-b2f2-8c452b876543,suitesparse_sample_100,HB/can_1054,can_1054,1054,1054,12196,pass,24392.0,579.021904,0.0307905,0.7921923970055699,0.004062525112849076,2026-09-01T05:31:27.361666+00:00,source
2,d76fc79d-6f7e-447c-b2f2-8c452b876543-A100-SXM4-80GB-spmv.csr.fp32-sigma-131072,GHOST-SELL-C32-sigma-131072,GHOST SELL-C32 sigma 131072,sigma-131072,GHOST-SELL-C32-sigma,candidate,,sell,spmv.csr.fp32,fp32,A100-SXM4-80GB,A100-SXM4-80GB,19500.0,d76fc79d-6f7e-447c-b2f2-8c452b876543,suitesparse_sample_100,Williams/cant,cant,62451,62451,4007383,pass,8014766.0,607.048738,0.04892955,163.80216045314128,0.8400110792468783,2026-09-01T05:21:46.667471+00:00,source
2,d76fc79d-6f7e-447c-b2f2-8c452b876543-A100-SXM4-80GB-spmv.csr.fp32-sigma-131072,GHOST-SELL-C32-sigma-131072,GHOST SELL-C32 sigma 131072,sigma-131072,GHOST-SELL-C32-sigma,candidate,,sell,spmv.csr.fp32,fp32,A100-SXM4-80GB,A100-SXM4-80GB,19500.0,d76fc79d-6f7e-447c-b2f2-8c452b876543,suitesparse_sample_100,QY/case39,case39,40216,40216,1042160,pass,2084320.0,701.628618,1.93645615,1.0763579645219439,0.005519784433445866,2026-09-01T05:26:13.168593+00:00,source
2,d76fc79d-6f7e-447c-b2f2-8c452b876543-A100-SXM4-80GB-spmv.csr.fp32-sigma-131072,GHOST-SELL-C32-sigma-131072,GHOST SELL-C32 sigma 131072,sigma-131072,GHOST-SELL-C32-sigma,candidate,,sell,spmv.csr.fp32,fp32,A100-SXM4-80GB,A100-SXM4-80GB,19500.0,d76fc79d-6f7e-447c-b2f2-8c452b876543,suitesparse_sample_100,DRIVCAV/cavity03,cavity03,317,317,7327,pass,14654.0,307.789127,0.03079255,0.4758943315834512,0.002440483751710006,2026-09-01T05:26:38.750436+00:00,source
2,d76fc79d-6f7e-447c-b2f2-8c452b876543-A100-SXM4-80GB-spmv.csr.fp32-sigma-131072,GHOST-SELL-C32-sigma-131072,GHOST SELL-C32 sigma 131072,sigma-131072,GHOST-SELL-C32-sigma,candidate,,sell,spmv.csr.fp32,fp32,A100-SXM4-80GB,A100-SXM4-80GB,19500.0,d76fc79d-6f7e-447c-b2f2-8c452b876543,suitesparse_sample_100,DRIVCAV/cavity20,cavity20,4562,4562,138187,pass,276374.0,328.840126,0.03029305,9.123346774260103,0.04678639371415437,2026-09-01T05:34:11.301784+00:00,source
2,d76fc79d-6f7e-447c-b2f2-8c452b876543-A100-SXM4-80GB-spmv.csr.fp32-sigma-131072,GHOST-SELL-C32-sigma-131072,GHOST SELL-C32 sigma 131072,sigma-131072,GHOST-SELL-C32-sigma,candidate,,sell,spmv.csr.fp32,fp32,A100-SXM4-80GB,A100-SXM4-80GB,19500.0,d76fc79d-6f7e-447c-b2f2-8c452b876543,suitesparse_sample_100,Meszaros/ch,ch,3700,8291,24102,pass,48204.0,329.499016,0.0325585,1.4805350369335197,0.007592487368889845,2026-09-01T05:34:08.229072+00:00,source
2,d76fc79d-6f7e-447c-b2f2-8c452b876543-A100-SXM4-80GB-spmv.csr.fp32-sigma-131072,GHOST-SELL-C32-sigma-131072,GHOST SELL-C32 sigma 131072,sigma-131072,GHOST-SELL-C32-sigma,candidate,,sell,spmv.csr.fp32,fp32,A100-SXM4-80GB,A100-SXM4-80GB,19500.0,d76fc79d-6f7e-447c-b2f2-8c452b876543,suitesparse_sample_100,JGD_Homology/ch5-5-b1,ch5-5-b1,200,25,400,pass,800.0,363.555335,0.023468,0.03408897221748764,0.00017481524214096224,2026-09-01T05:31:20.272368+00:00,source
2,d76fc79d-6f7e-447c-b2f2-8c452b876543-A100-SXM4-80GB-spmv.csr.fp32-sigma-131072,GHOST-SELL-C32-sigma-131072,GHOST SELL-C32 sigma 131072,sigma-131072,GHOST-SELL-C32-sigma,candidate,,sell,spmv.csr.fp32,fp32,A100-SXM4-80GB,A100-SXM4-80GB,19500.0,d76fc79d-6f7e-447c-b2f2-8c452b876543,suitesparse_sample_100,JGD_Homology/ch7-8-b3,ch7-8-b3,58800,11760,235200,pass,470400.0,630.449968,0.02722855,17.275984215097758,0.08859479084665517,2026-09-01T05:34:22.486912+00:00,source
2,d76fc79d-6f7e-447c-b2f2-8c452b876543-A100-SXM4-80GB-spmv.csr.fp32-sigma-131072,GHOST-SELL-C32-sigma-131072,GHOST SELL-C32 sigma 131072,sigma-131072,GHOST-SELL-C32-sigma,candidate,,sell,spmv.csr.fp32,fp32,A100-SXM4-80GB,A100-SXM4-80GB,19500.0,d76fc79d-6f7e-447c-b2f2-8c452b876543,suitesparse_sample_100,SNAP/cit-HepPh,cit-HepPh,34546,34546,421578,pass,843156.0,539.723672,0.06822405,12.358633062680978,0.06337760544964603,2026-09-01T05:21:40.182441+00:00,source
2,d76fc79d-6f7e-447c-b2f2-8c452b876543-A100-SXM4-80GB-spmv.csr.fp32-sigma-131072,GHOST-SELL-C32-sigma-131072,GHOST SELL-C32 sigma 131072,sigma-131072,GHOST-SELL-C32-sigma,candidate,,sell,spmv.csr.fp32,fp32,A100-SXM4-80GB,A100-SXM4-80GB,19500.0,d76fc79d-6f7e-447c-b2f2-8c452b876543,suitesparse_sample_100,DIMACS10/coPapersCiteseer,coPapersCiteseer,434102,434102,32073440,pass,64146880.0,3434.925397,0.4371144,146.750781946328,0.7525681125452718,2026-09-01T05:21:26.026126+00:00,source
2,d76fc79d-6f7e-447c-b2f2-8c452b876543-A100-SXM4-80GB-spmv.csr.fp32-sigma-131072,GHOST-SELL-C32-sigma-131072,GHOST SELL-C32 sigma 131072,sigma-131072,GHOST-SELL-C32-sigma,candidate,,sell,spmv.csr.fp32,fp32,A100-SXM4-80GB,A100-SXM4-80GB,19500.0,d76fc79d-6f7e-447c-b2f2-8c452b876543,suitesparse_sample_100,SNAP/com-DBLP,com-DBLP,317080,317080,2099732,pass,4199464.0,713.866748,0.1280426,32.797397116272236,0.16819178008344737,2026-09-01T05:34:29.777215+00:00,source
2,d76fc79d-6f7e-447c-b2f2-8c452b876543-A100-SXM4-80GB-spmv.csr.fp32-sigma-131072,GHOST-SELL-C32-sigma-131072,GHOST SELL-C32 sigma 131072,sigma-131072,GHOST-SELL-C32-sigma,candidate,,sell,spmv.csr.fp32,fp32,A100-SXM4-80GB,A100-SXM4-80GB,19500.0,d76fc79d-6f7e-447c-b2f2-8c452b876543,suitesparse_sample_100,Williams/cop20k_A,cop20k_A,121192,121192,2624331,pass,5248662.0,442.129521,0.05235,100.26097421203438,0.5141588421129969,2026-09-01T05:31:12.535266+00:00,source
2,d76fc79d-6f7e-447c-b2f2-8c452b876543-A100-SXM4-80GB-spmv.csr.fp32-sigma-131072,GHOST-SELL-C32-sigma-131072,GHOST SELL-C32 sigma 131072,sigma-131072,GHOST-SELL-C32-sigma,candidate,,sell,spmv.csr.fp32,fp32,A100-SXM4-80GB,A100-SXM4-80GB,19500.0,d76fc79d-6f7e-447c-b2f2-8c452b876543,suitesparse_sample_100,CPM/cz10228,cz10228,10228,10228,102876,pass,205752.0,309.406559,0.03098105,6.6412210044527225,0.03405754361257807,2026-09-01T05:28:48.966926+00:00,source
2,d76fc79d-6f7e-447c-b2f2-8c452b876543-A100-SXM4-80GB-spmv.csr.fp32-sigma-131072,GHOST-SELL-C32-sigma-131072,GHOST SELL-C32 sigma 131072,sigma-131072,GHOST-SELL-C32-sigma,candidate,,sell,spmv.csr.fp32,fp32,A100-SXM4-80GB,A100-SXM4-80GB,19500.0,d76fc79d-6f7e-447c-b2f2-8c452b876543,suitesparse_sample_100,HB/dwt_361,dwt_361,361,361,2953,pass,5906.0,535.825369,0.0321945,0.1834474832657752,0.0009407563244398728,2026-09-01T05:34:19.693278+00:00,source
2,d76fc79d-6f7e-447c-b2f2-8c452b876543-A100-SXM4-80GB-spmv.csr.fp32-sigma-131072,GHOST-SELL-C32-sigma-131072,GHOST SELL-C32 sigma 131072,sigma-131072,GHOST-SELL-C32-sigma,candidate,,sell,spmv.csr.fp32,fp32,A100-SXM4-80GB,A100-SXM4-80GB,19500.0,d76fc79d-6f7e-447c-b2f2-8c452b876543,suitesparse_sample_100,HB/dwt_419,dwt_419,419,419,3563,pass,7126.0,299.89476,0.03212005,0.22185519636488737,0.0011377189557173711,2026-09-01T05:33:08.954175+00:00,source
2,d76fc79d-6f7e-447c-b2f2-8c452b876543-A100-SXM4-80GB-spmv.csr.fp32-sigma-131072,GHOST-SELL-C32-sigma-131072,GHOST SELL-C32 sigma 131072,sigma-131072,GHOST-SELL-C32-sigma,candidate,,sell,spmv.csr.fp32,fp32,A100-SXM4-80GB,A100-SXM4-80GB,19500.0,d76fc79d-6f7e-447c-b2f2-8c452b876543,suitesparse_sample_100,HB/dwt_87,dwt_87,87,87,541,pass,1082.0,381.234159,0.0284345,0.0380523659638819,0.00019514033827631744,2026-09-01T05:32:42.340046+00:00,source
2,d76fc79d-6f7e-447c-b2f2-8c452b876543-A100-SXM4-80GB-spmv.csr.fp32-sigma-131072,GHOST-SELL-C32-sigma-131072,GHOST SELL-C32 sigma 131072,sigma-131072,GHOST-SELL-C32-sigma,candidate,,sell,spmv.csr.fp32,fp32,A100-SXM4-80GB,A100-SXM4-80GB,19500.0,d76fc79d-6f7e-447c-b2f2-8c452b876543,suitesparse_sample_100,JGD_Margulies/flower_5_4,flower_5_4,5226,14721,43942,pass,87884.0,446.159814,0.028438,3.0903720374147268,0.01584806173033193,2026-09-01T05:28:59.656023+00:00,source
2,d76fc79d-6f7e-447c-b2f2-8c452b876543-A100-SXM4-80GB-spmv.csr.fp32-sigma-131072,GHOST-SELL-C32-sigma-131072,GHOST SELL-C32 sigma 131072,sigma-131072,GHOST-SELL-C32-sigma,candidate,,sell,spmv.csr.fp32,fp32,A100-SXM4-80GB,A100-SXM4-80GB,19500.0,d76fc79d-6f7e-447c-b2f2-8c452b876543,suitesparse_sample_100,JGD_Margulies/flower_8_1,flower_8_1,625,513,1538,pass,3076.0,263.34198,0.0264175,0.11643796725655342,0.0005971177808028381,2026-09-01T05:32:46.597792+00:00,source
2,d76fc79d-6f7e-447c-b2f2-8c452b876543-A100-SXM4-80GB-spmv.csr.fp32-sigma-131072,GHOST-SELL-C32-sigma-131072,GHOST SELL-C32 sigma 131072,sigma-131072,GHOST-SELL-C32-sigma,candidate,,sell,spmv.csr.fp32,fp32,A100-SXM4-80GB,A100-SXM4-80GB,19500.0,d76fc79d-6f7e-447c-b2f2-8c452b876543,suitesparse_sample_100,Sandia/fpga_dcop_40,fpga_dcop_40,1220,1220,5892,pass,11784.0,298.97391,0.02704955,0.4356449552765203,0.002234076693725745,2026-09-01T05:35:54.165048+00:00,source
2,d76fc79d-6f7e-447c-b2f2-8c452b876543-A100-SXM4-80GB-spmv.csr.fp32-sigma-131072,GHOST-SELL-C32-sigma-131072,GHOST SELL-C32 sigma 131072,sigma-131072,GHOST-SELL-C32-sigma,candidate,,sell,spmv.csr.fp32,fp32,A100-SXM4-80GB,A100-SXM4-80GB,19500.0,d76fc79d-6f7e-447c-b2f2-8c452b876543,suitesparse_sample_100,VDOL/freeFlyingRobot_14,freeFlyingRobot_14,5958,5958,43298,pass,86596.0,447.281464,0.11679065,0.7414634647550982,0.003802376742333837,2026-09-01T05:31:14.771819+00:00,source
2,d76fc79d-6f7e-447c-b2f2-8c452b876543-A100-SXM4-80GB-spmv.csr.fp32-sigma-131072,GHOST-SELL-C32-sigma-131072,GHOST SELL-C32 sigma 131072,sigma-131072,GHOST-SELL-C32-sigma,candidate,,sell,spmv.csr.fp32,fp32,A100-SXM4-80GB,A100-SXM4-80GB,19500.0,d76fc79d-6f7e-447c-b2f2-8c452b876543,suitesparse_sample_100,Rothberg/gearbox,gearbox,153746,153746,9080404,pass,18160808.0,1195.946352,0.08226805,220.751652676829,1.1320597573170716,2026-09-01T05:22:14.933989+00:00,source
2,d76fc79d-6f7e-447c-b2f2-8c452b876543-A100-SXM4-80GB-spmv.csr.fp32-sigma-131072,GHOST-SELL-C32-sigma-131072,GHOST SELL-C32 sigma 131072,sigma-131072,GHOST-SELL-C32-sigma,candidate,,sell,spmv.csr.fp32,fp32,A100-SXM4-80GB,A100-SXM4-80GB,19500.0,d76fc79d-6f7e-447c-b2f2-8c452b876543,suitesparse_sample_100,HB/gent113,gent113,113,113,655,pass,1310.0,373.672463,0.02846555,0.046020540618396624,0.00023600277240203398,2026-09-01T05:33:40.859346+00:00,source
2,d76fc79d-6f7e-447c-b2f2-8c452b876543-A100-SXM4-80GB-spmv.csr.fp32-sigma-131072,GHOST-SELL-C32-sigma-131072,GHOST SELL-C32 sigma 131072,sigma-131072,GHOST-SELL-C32-sigma,candidate,,sell,spmv.csr.fp32,fp32,A100-SXM4-80GB,A100-SXM4-80GB,19500.0,d76fc79d-6f7e-447c-b2f2-8c452b876543,suitesparse_sample_100,DIMACS10/great-britain_osm,great-britain_osm,7733822,7733822,16313034,pass,32626068.0,2539.903807,0.30290925,107.70905147333731,0.5523541101196785,2026-09-01T05:35:05.995254+00:00,source
2,d76fc79d-6f7e-447c-b2f2-8c452b876543-A100-SXM4-80GB-spmv.csr.fp32-sigma-131072,GHOST-SELL-C32-sigma-131072,GHOST SELL-C32 sigma 131072,sigma-131072,GHOST-SELL-C32-sigma,candidate,,sell,spmv.csr.fp32,fp32,A100-SXM4-80GB,A100-SXM4-80GB,19500.0,d76fc79d-6f7e-447c-b2f2-8c452b876543,suitesparse_sample_100,AG-Monien/grid2_dual,grid2_dual,3136,3136,12224,pass,24448.0,264.672422,0.02376,1.0289562289562288,0.005276698610031943,2026-09-01T05:34:14.164023+00:00,source
2,d76fc79d-6f7e-447c-b2f2-8c452b876543-A100-SXM4-80GB-spmv.csr.fp32-sigma-131072,GHOST-SELL-C32-sigma-131072,GHOST SELL-C32 sigma 131072,sigma-131072,GHOST-SELL-C32-sigma,candidate,,sell,spmv.csr.fp32,fp32,A100-SXM4-80GB,A100-SXM4-80GB,19500.0,d76fc79d-6f7e-447c-b2f2-8c452b876543,suitesparse_sample_100,Norris/heart2,heart2,2339,2339,682797,pass,1365594.0,420.257552,0.07564605,18.05241648440335,0.09257649479181204,2026-09-01T05:21:53.429498+00:00,source
2,d76fc79d-6f7e-447c-b2f2-8c452b876543-A100-SXM4-80GB-spmv.csr.fp32-sigma-131072,GHOST-SELL-C32-sigma-131072,GHOST SELL-C32 sigma 131072,sigma-131072,GHOST-SELL-C32-sigma,candidate,,sell,spmv.csr.fp32,fp32,A100-SXM4-80GB,A100-SXM4-80GB,19500.0,d76fc79d-6f7e-447c-b2f2-8c452b876543,suitesparse_sample_100,DIMACS10/hugetrace-00010,hugetrace-00010,12057441,12057441,36164358,pass,72328716.0,3722.594207,0.98692185,73.28717668982605,0.37583167533244133,2026-09-01T05:33:04.931212+00:00,source
2,d76fc79d-6f7e-447c-b2f2-8c452b876543-A100-SXM4-80GB-spmv.csr.fp32-sigma-131072,GHOST-SELL-C32-sigma-131072,GHOST SELL-C32 sigma 131072,sigma-131072,GHOST-SELL-C32-sigma,candidate,,sell,spmv.csr.fp32,fp32,A100-SXM4-80GB,A100-SXM4-80GB,19500.0,d76fc79d-6f7e-447c-b2f2-8c452b876543,suitesparse_sample_100,Embree/ifiss_mat,ifiss_mat,96307,96307,3599932,pass,7199864.0,777.16997,0.04781955,150.56319015967318,0.7721189238957599,2026-09-01T05:34:26.831599+00:00,source
2,d76fc79d-6f7e-447c-b2f2-8c452b876543-A100-SXM4-80GB-spmv.csr.fp32-sigma-131072,GHOST-SELL-C32-sigma-131072,GHOST SELL-C32 sigma 131072,sigma-131072,GHOST-SELL-C32-sigma,candidate,,sell,spmv.csr.fp32,fp32,A100-SXM4-80GB,A100-SXM4-80GB,19500.0,d76fc79d-6f7e-447c-b2f2-8c452b876543,suitesparse_sample_100,DIMACS10/in2010,in2010,267071,267071,1281716,pass,2563432.0,722.255675,0.04804705,53.35253673222393,0.27360275247294324,2026-09-01T05:28:54.100204+00:00,source
2,d76fc79d-6f7e-447c-b2f2-8c452b876543-A100-SXM4-80GB-spmv.csr.fp32-sigma-131072,GHOST-SELL-C32-sigma-131072,GHOST SELL-C32 sigma 131072,sigma-131072,GHOST-SELL-C32-sigma,candidate,,sell,spmv.csr.fp32,fp32,A100-SXM4-80GB,A100-SXM4-80GB,19500.0,d76fc79d-6f7e-447c-b2f2-8c452b876543,suitesparse_sample_100,GHS_psdef/inline_1,inline_1,503712,503712,36816342,pass,73632684.0,3242.762656,0.38102485,193.24903349479698,0.9910206845887025,2026-09-01T05:34:53.690277+00:00,source
2,d76fc79d-6f7e-447c-b2f2-8c452b876543-A100-SXM4-80GB-spmv.csr.fp32-sigma-131072,GHOST-SELL-C32-sigma-131072,GHOST SELL-C32 sigma 131072,sigma-131072,GHOST-SELL-C32-sigma,candidate,,sell,spmv.csr.fp32,fp32,A100-SXM4-80GB,A100-SXM4-80GB,19500.0,d76fc79d-6f7e-447c-b2f2-8c452b876543,suitesparse_sample_100,POLYFLOW/invextr1_new,invextr1_new,30412,30412,1793881,pass,3587762.0,639.092795,0.04574155,78.43551431903816,0.4022334067642983,2026-09-01T05:31:32.049613+00:00,source
2,d76fc79d-6f7e-447c-b2f2-8c452b876543-A100-SXM4-80GB-spmv.csr.fp32-sigma-131072,GHOST-SELL-C32-sigma-131072,GHOST SELL-C32 sigma 131072,sigma-131072,GHOST-SELL-C32-sigma,candidate,,sell,spmv.csr.fp32,fp32,A100-SXM4-80GB,A100-SXM4-80GB,19500.0,d76fc79d-6f7e-447c-b2f2-8c452b876543,suitesparse_sample_100,Mallya/lhr07c,lhr07c,7337,7337,156508,pass,313016.0,302.450093,0.03666405,8.53740926056996,0.04378158595164082,2026-09-01T05:26:33.006790+00:00,source
2,d76fc79d-6f7e-447c-b2f2-8c452b876543-A100-SXM4-80GB-spmv.csr.fp32-sigma-131072,GHOST-SELL-C32-sigma-131072,GHOST SELL-C32 sigma 131072,sigma-131072,GHOST-SELL-C32-sigma,candidate,,sell,spmv.csr.fp32,fp32,A100-SXM4-80GB,A100-SXM4-80GB,19500.0,d76fc79d-6f7e-447c-b2f2-8c452b876543,suitesparse_sample_100,Mallya/lhr14c,lhr14c,14270,14270,307858,pass,615716.0,526.997741,0.03466405,17.762379179582304,0.09108912399785797,2026-09-01T05:21:12.781285+00:00,source
2,d76fc79d-6f7e-447c-b2f2-8c452b876543-A100-SXM4-80GB-spmv.csr.fp32-sigma-131072,GHOST-SELL-C32-sigma-131072,GHOST SELL-C32 sigma 131072,sigma-131072,GHOST-SELL-C32-sigma,candidate,,sell,spmv.csr.fp32,fp32,A100-SXM4-80GB,A100-SXM4-80GB,19500.0,d76fc79d-6f7e-447c-b2f2-8c452b876543,suitesparse_sample_100,Mallya/lhr17c,lhr17c,17576,17576,381975,pass,763950.0,266.615814,0.03285405,23.25284097394385,0.11924533832791719,2026-09-01T05:30:18.069890+00:00,source
2,d76fc79d-6f7e-447c-b2f2-8c452b876543-A100-SXM4-80GB-spmv.csr.fp32-sigma-131072,GHOST-SELL-C32-sigma-131072,GHOST SELL-C32 sigma 131072,sigma-131072,GHOST-SELL-C32-sigma,candidate,,sell,spmv.csr.fp32,fp32,A100-SXM4-80GB,A100-SXM4-80GB,19500.0,d76fc79d-6f7e-447c-b2f2-8c452b876543,suitesparse_sample_100,HB/lock3491,lock3491,3491,3491,160444,pass,320888.0,686.073495,0.03557955,9.018888659356287,0.04625071107362198,2026-09-01T05:35:21.026580+00:00,source
2,d76fc79d-6f7e-447c-b2f2-8c452b876543-A100-SXM4-80GB-spmv.csr.fp32-sigma-131072,GHOST-SELL-C32-sigma-131072,GHOST SELL-C32 sigma 131072,sigma-131072,GHOST-SELL-C32-sigma,candidate,,sell,spmv.csr.fp32,fp32,A100-SXM4-80GB,A100-SXM4-80GB,19500.0,d76fc79d-6f7e-447c-b2f2-8c452b876543,suitesparse_sample_100,LPnetlib/lp_osa_30,lp_osa_30,4350,104374,604488,pass,1208976.0,719.023712,9.0979146,0.13288495805401385,0.0006814613233539172,2026-09-01T05:31:24.356970+00:00,source
2,d76fc79d-6f7e-447c-b2f2-8c452b876543-A100-SXM4-80GB-spmv.csr.fp32-sigma-131072,GHOST-SELL-C32-sigma-131072,GHOST SELL-C32 sigma 131072,sigma-131072,GHOST-SELL-C32-sigma,candidate,,sell,spmv.csr.fp32,fp32,A100-SXM4-80GB,A100-SXM4-80GB,19500.0,d76fc79d-6f7e-447c-b2f2-8c452b876543,suitesparse_sample_100,LPnetlib/lpi_gosh,lpi_gosh,3792,13455,99953,pass,199906.0,286.209829,0.06458755,3.0951166285143192,0.0158723929667401,2026-09-01T05:35:08.137445+00:00,source
2,d76fc79d-6f7e-447c-b2f2-8c452b876543-A100-SXM4-80GB-spmv.csr.fp32-sigma-131072,GHOST-SELL-C32-sigma-131072,GHOST SELL-C32 sigma 131072,sigma-131072,GHOST-SELL-C32-sigma,candidate,,sell,spmv.csr.fp32,fp32,A100-SXM4-80GB,A100-SXM4-80GB,19500.0,d76fc79d-6f7e-447c-b2f2-8c452b876543,suitesparse_sample_100,Hollinger/mark3jac120,mark3jac120,54929,54929,342475,pass,684950.0,338.630883,0.03892305,17.597541816481492,0.09024380418708458,2026-09-01T05:28:57.885427+00:00,source
2,d76fc79d-6f7e-447c-b2f2-8c452b876543-A100-SXM4-80GB-spmv.csr.fp32-sigma-131072,GHOST-SELL-C32-sigma-131072,GHOST SELL-C32 sigma 131072,sigma-131072,GHOST-SELL-C32-sigma,candidate,,sell,spmv.csr.fp32,fp32,A100-SXM4-80GB,A100-SXM4-80GB,19500.0,d76fc79d-6f7e-447c-b2f2-8c452b876543,suitesparse_sample_100,Yoshiyasu/mesh_deform,mesh_deform,234023,9393,853829,pass,1707658.0,817.381054,0.02893005,59.027136143905736,0.3027032622764397,2026-09-01T05:30:57.171081+00:00,source
2,d76fc79d-6f7e-447c-b2f2-8c452b876543-A100-SXM4-80GB-spmv.csr.fp32-sigma-131072,GHOST-SELL-C32-sigma-131072,GHOST SELL-C32 sigma 131072,sigma-131072,GHOST-SELL-C32-sigma,candidate,,sell,spmv.csr.fp32,fp32,A100-SXM4-80GB,A100-SXM4-80GB,19500.0,d76fc79d-6f7e-447c-b2f2-8c452b876543,suitesparse_sample_100,Gleich/minnesota,minnesota,2642,2642,6606,pass,13212.0,207.817144,0.02726955,0.4844964438357069,0.00248459714787542,2026-09-01T05:24:32.090616+00:00,source
2,d76fc79d-6f7e-447c-b2f2-8c452b876543-A100-SXM4-80GB-spmv.csr.fp32-sigma-131072,GHOST-SELL-C32-sigma-131072,GHOST SELL-C32 sigma 131072,sigma-131072,GHOST-SELL-C32-sigma,candidate,,sell,spmv.csr.fp32,fp32,A100-SXM4-80GB,A100-SXM4-80GB,19500.0,d76fc79d-6f7e-447c-b2f2-8c452b876543,suitesparse_sample_100,VLSI/mosfet2,mosfet2,46994,46994,1499460,pass,2998920.0,636.694503,0.05357205,55.979190641388556,0.2870727725199413,2026-09-01T05:21:31.493617+00:00,source
2,d76fc79d-6f7e-447c-b2f2-8c452b876543-A100-SXM4-80GB-spmv.csr.fp32-sigma-131072,GHOST-SELL-C32-sigma-131072,GHOST SELL-C32 sigma 131072,sigma-131072,GHOST-SELL-C32-sigma,candidate,,sell,spmv.csr.fp32,fp32,A100-SXM4-80GB,A100-SXM4-80GB,19500.0,d76fc79d-6f7e-447c-b2f2-8c452b876543,suitesparse_sample_100,Mycielski/mycielskian6,mycielskian6,47,47,472,pass,944.0,275.2323,0.03068055,0.03076867917948016,0.00015778809835630852,2026-09-01T05:34:12.340192+00:00,source
2,d76fc79d-6f7e-447c-b2f2-8c452b876543-A100-SXM4-80GB-spmv.csr.fp32-sigma-131072,GHOST-SELL-C32-sigma-131072,GHOST SELL-C32 sigma 131072,sigma-131072,GHOST-SELL-C32-sigma,candidate,,sell,spmv.csr.fp32,fp32,A100-SXM4-80GB,A100-SXM4-80GB,19500.0,d76fc79d-6f7e-447c-b2f2-8c452b876543,suitesparse_sample_100,JGD_Homology/n3c6-b1,n3c6-b1,105,105,210,pass,420.0,262.47944,0.0265605,0.0158129553284012,8.109207860718562e-05,2026-09-01T05:28:55.381583+00:00,source
2,d76fc79d-6f7e-447c-b2f2-8c452b876543-A100-SXM4-80GB-spmv.csr.fp32-sigma-131072,GHOST-SELL-C32-sigma-131072,GHOST SELL-C32 sigma 131072,sigma-131072,GHOST-SELL-C32-sigma,candidate,,sell,spmv.csr.fp32,fp32,A100-SXM4-80GB,A100-SXM4-80GB,19500.0,d76fc79d-6f7e-447c-b2f2-8c452b876543,suitesparse_sample_100,JGD_Homology/n4c6-b15,n4c6-b15,60,920,960,pass,1920.0,321.936819,0.03260305,0.05889019585590918,0.0003020010043892779,2026-09-01T05:21:49.766023+00:00,source
2,d76fc79d-6f7e-447c-b2f2-8c452b876543-A100-SXM4-80GB-spmv.csr.fp32-sigma-131072,GHOST-SELL-C32-sigma-131072,GHOST SELL-C32 sigma 131072,sigma-131072,GHOST-SELL-C32-sigma,candidate,,sell,spmv.csr.fp32,fp32,A100-SXM4-80GB,A100-SXM4-80GB,19500.0,d76fc79d-6f7e-447c-b2f2-8c452b876543,suitesparse_sample_100,Nemeth/nemeth03,nemeth03,9506,9506,394808,pass,789616.0,512.59066,0.0338445,23.330703659383357,0.11964463415068388,2026-09-01T05:28:43.912645+00:00,source
2,d76fc79d-6f7e-447c-b2f2-8c452b876543-A100-SXM4-80GB-spmv.csr.fp32-sigma-131072,GHOST-SELL-C32-sigma-131072,GHOST SELL-C32 sigma 131072,sigma-131072,GHOST-SELL-C32-sigma,candidate,,sell,spmv.csr.fp32,fp32,A100-SXM4-80GB,A100-SXM4-80GB,19500.0,d76fc79d-6f7e-447c-b2f2-8c452b876543,suitesparse_sample_100,Meszaros/nemsafm,nemsafm,334,2348,2826,pass,5652.0,271.740188,0.02786855,0.20280925990049717,0.0010400474866692163,2026-09-01T05:34:31.213067+00:00,source
2,d76fc79d-6f7e-447c-b2f2-8c452b876543-A100-SXM4-80GB-spmv.csr.fp32-sigma-131072,GHOST-SELL-C32-sigma-131072,GHOST SELL-C32 sigma 131072,sigma-131072,GHOST-SELL-C32-sigma,candidate,,sell,spmv.csr.fp32,fp32,A100-SXM4-80GB,A100-SXM4-80GB,19500.0,d76fc79d-6f7e-447c-b2f2-8c452b876543,suitesparse_sample_100,Schenk/nlpkkt120,nlpkkt120,3542400,3542400,96845792,pass,193691584.0,6035.143544,0.55783345,347.22117148048403,1.7806213922076104,2026-09-01T05:28:02.501540+00:00,source
2,d76fc79d-6f7e-447c-b2f2-8c452b876543-A100-SXM4-80GB-spmv.csr.fp32-sigma-131072,GHOST-SELL-C32-sigma-131072,GHOST SELL-C32 sigma 131072,sigma-131072,GHOST-SELL-C32-sigma,candidate,,sell,spmv.csr.fp32,fp32,A100-SXM4-80GB,A100-SXM4-80GB,19500.0,d76fc79d-6f7e-447c-b2f2-8c452b876543,suitesparse_sample_100,Meszaros/p0033,p0033,15,48,113,pass,226.0,529.830423,0.026852,0.008416505288246685,4.316156558075223e-05,2026-09-01T05:22:09.490733+00:00,source
2,d76fc79d-6f7e-447c-b2f2-8c452b876543-A100-SXM4-80GB-spmv.csr.fp32-sigma-131072,GHOST-SELL-C32-sigma-131072,GHOST SELL-C32 sigma 131072,sigma-131072,GHOST-SELL-C32-sigma,candidate,,sell,spmv.csr.fp32,fp32,A100-SXM4-80GB,A100-SXM4-80GB,19500.0,d76fc79d-6f7e-447c-b2f2-8c452b876543,suitesparse_sample_100,SNAP/p2p-Gnutella25,p2p-Gnutella25,22687,22687,54705,pass,109410.0,373.661203,0.033925,3.2250552689756815,0.01653874496910606,2026-09-01T05:26:40.997871+00:00,source
2,d76fc79d-6f7e-447c-b2f2-8c452b876543-A100-SXM4-80GB-spmv.csr.fp32-sigma-131072,GHOST-SELL-C32-sigma-131072,GHOST SELL-C32 sigma 131072,sigma-131072,GHOST-SELL-C32-sigma,candidate,,sell,spmv.csr.fp32,fp32,A100-SXM4-80GB,A100-SXM4-80GB,19500.0,d76fc79d-6f7e-447c-b2f2-8c452b876543,suitesparse_sample_100,Mittelmann/pds-50,pds-50,83060,275814,590833,pass,1181666.0,497.385977,0.04543755,26.0063757839056,0.13336602966105435,2026-09-01T05:35:24.713294+00:00,source
2,d76fc79d-6f7e-447c-b2f2-8c452b876543-A100-SXM4-80GB-spmv.csr.fp32-sigma-131072,GHOST-SELL-C32-sigma-131072,GHOST SELL-C32 sigma 131072,sigma-131072,GHOST-SELL-C32-sigma,candidate,,sell,spmv.csr.fp32,fp32,A100-SXM4-80GB,A100-SXM4-80GB,19500.0,d76fc79d-6f7e-447c-b2f2-8c452b876543,suitesparse_sample_100,FEMLAB/poisson2D,poisson2D,367,367,2417,pass,4834.0,234.964097,0.03111455,0.15536139844542182,0.0007967251202329324,2026-09-01T05:26:37.301923+00:00,source
2,d76fc79d-6f7e-447c-b2f2-8c452b876543-A100-SXM4-80GB-spmv.csr.fp32-sigma-131072,GHOST-SELL-C32-sigma-131072,GHOST SELL-C32 sigma 131072,sigma-131072,GHOST-SELL-C32-sigma,candidate,,sell,spmv.csr.fp32,fp32,A100-SXM4-80GB,A100-SXM4-80GB,19500.0,d76fc79d-6f7e-447c-b2f2-8c452b876543,suitesparse_sample_100,YCheng/psse1,psse1,14318,11028,57376,pass,114752.0,223.293097,0.03027905,3.789815070155768,0.019434949077721884,2026-09-01T05:34:09.289357+00:00,source
2,d76fc79d-6f7e-447c-b2f2-8c452b876543-A100-SXM4-80GB-spmv.csr.fp32-sigma-131072,GHOST-SELL-C32-sigma-131072,GHOST SELL-C32 sigma 131072,sigma-131072,GHOST-SELL-C32-sigma,candidate,,sell,spmv.csr.fp32,fp32,A100-SXM4-80GB,A100-SXM4-80GB,19500.0,d76fc79d-6f7e-447c-b2f2-8c452b876543,suitesparse_sample_100,Rajat/rajat02,rajat02,1960,1960,11187,pass,22374.0,210.991257,0.0640696,0.3492139797969708,0.0017908409220357476,2026-09-01T05:34:13.188154+00:00,source
2,d76fc79d-6f7e-447c-b2f2-8c452b876543-A100-SXM4-80GB-spmv.csr.fp32-sigma-131072,GHOST-SELL-C32-sigma-131072,GHOST SELL-C32 sigma 131072,sigma-131072,GHOST-SELL-C32-sigma,candidate,,sell,spmv.csr.fp32,fp32,A100-SXM4-80GB,A100-SXM4-80GB,19500.0,d76fc79d-6f7e-447c-b2f2-8c452b876543,suitesparse_sample_100,Rajat/rajat20,rajat20,86916,86916,605045,pass,1210090.0,1721.202551,2.69459075,0.44908118236507716,0.002302980422385011,2026-09-01T05:28:25.538591+00:00,source
2,d76fc79d-6f7e-447c-b2f2-8c452b876543-A100-SXM4-80GB-spmv.csr.fp32-sigma-131072,GHOST-SELL-C32-sigma-131072,GHOST SELL-C32 sigma 131072,sigma-131072,GHOST-SELL-C32-sigma,candidate,,sell,spmv.csr.fp32,fp32,A100-SXM4-80GB,A100-SXM4-80GB,19500.0,d76fc79d-6f7e-447c-b2f2-8c452b876543,suitesparse_sample_100,VDOL/reorientation_1,reorientation_1,677,677,7326,pass,14652.0,214.71966,0.06808305,0.2152077499465726,0.0011036294869055006,2026-09-01T05:34:10.168077+00:00,source
2,d76fc79d-6f7e-447c-b2f2-8c452b876543-A100-SXM4-80GB-spmv.csr.fp32-sigma-131072,GHOST-SELL-C32-sigma-131072,GHOST SELL-C32 sigma 131072,sigma-131072,GHOST-SELL-C32-sigma,candidate,,sell,spmv.csr.fp32,fp32,A100-SXM4-80GB,A100-SXM4-80GB,19500.0,d76fc79d-6f7e-447c-b2f2-8c452b876543,suitesparse_sample_100,Bova/rma10,rma10,46835,46835,2374001,pass,4748002.0,587.160702,0.04691205,101.21071238626324,0.5190292942885294,2026-09-01T05:34:01.868217+00:00,source
2,d76fc79d-6f7e-447c-b2f2-8c452b876543-A100-SXM4-80GB-spmv.csr.fp32-sigma-131072,GHOST-SELL-C32-sigma-131072,GHOST SELL-C32 sigma 131072,sigma-131072,GHOST-SELL-C32-sigma,candidate,,sell,spmv.csr.fp32,fp32,A100-SXM4-80GB,A100-SXM4-80GB,19500.0,d76fc79d-6f7e-447c-b2f2-8c452b876543,suitesparse_sample_100,Bai/rw496,rw496,496,496,1859,pass,3718.0,331.321138,0.0329475,0.11284619470369528,0.0005786984343779246,2026-09-01T05:34:16.773524+00:00,source
2,d76fc79d-6f7e-447c-b2f2-8c452b876543-A100-SXM4-80GB-spmv.csr.fp32-sigma-131072,GHOST-SELL-C32-sigma-131072,GHOST SELL-C32 sigma 131072,sigma-131072,GHOST-SELL-C32-sigma,candidate,,sell,spmv.csr.fp32,fp32,A100-SXM4-80GB,A100-SXM4-80GB,19500.0,d76fc79d-6f7e-447c-b2f2-8c452b876543,suitesparse_sample_100,SNAP/soc-LiveJournal1,soc-LiveJournal1,4847571,4847571,68993773,pass,137987546.0,53525.853745,4.35107415,31.713443909017276,0.16263304568726808,2026-09-01T05:23:37.070595+00:00,source
2,d76fc79d-6f7e-447c-b2f2-8c452b876543-A100-SXM4-80GB-spmv.csr.fp32-sigma-131072,GHOST-SELL-C32-sigma-131072,GHOST SELL-C32 sigma 131072,sigma-131072,GHOST-SELL-C32-sigma,candidate,,sell,spmv.csr.fp32,fp32,A100-SXM4-80GB,A100-SXM4-80GB,19500.0,d76fc79d-6f7e-447c-b2f2-8c452b876543,suitesparse_sample_100,VDOL/spaceStation_13,spaceStation_13,1617,1617,23649,pass,47298.0,264.903232,0.04128905,1.1455337432079449,0.0058745320164509994,2026-09-01T05:26:30.134420+00:00,source
2,d76fc79d-6f7e-447c-b2f2-8c452b876543-A100-SXM4-80GB-spmv.csr.fp32-sigma-131072,GHOST-SELL-C32-sigma-131072,GHOST SELL-C32 sigma 131072,sigma-131072,GHOST-SELL-C32-sigma,candidate,,sell,spmv.csr.fp32,fp32,A100-SXM4-80GB,A100-SXM4-80GB,19500.0,d76fc79d-6f7e-447c-b2f2-8c452b876543,suitesparse_sample_100,Brogan/specular,specular,477976,1600,7647616,pass,15295232.0,921.870192,0.06984355,218.99276311126795,1.123039810827015,2026-09-01T05:35:17.442547+00:00,source
2,d76fc79d-6f7e-447c-b2f2-8c452b876543-A100-SXM4-80GB-spmv.csr.fp32-sigma-131072,GHOST-SELL-C32-sigma-131072,GHOST SELL-C32 sigma 131072,sigma-131072,GHOST-SELL-C32-sigma,candidate,,sell,spmv.csr.fp32,fp32,A100-SXM4-80GB,A100-SXM4-80GB,19500.0,d76fc79d-6f7e-447c-b2f2-8c452b876543,suitesparse_sample_100,SNAP/sx-stackoverflow,sx-stackoverflow,2601977,2601977,36233450,pass,72466900.0,44214.405647,9.26155175,7.8244879428547165,0.04012557919412675,2026-09-01T05:32:37.688425+00:00,source
2,d76fc79d-6f7e-447c-b2f2-8c452b876543-A100-SXM4-80GB-spmv.csr.fp32-sigma-131072,GHOST-SELL-C32-sigma-131072,GHOST SELL-C32 sigma 131072,sigma-131072,GHOST-SELL-C32-sigma,candidate,,sell,spmv.csr.fp32,fp32,A100-SXM4-80GB,A100-SXM4-80GB,19500.0,d76fc79d-6f7e-447c-b2f2-8c452b876543,suitesparse_sample_100,Oberwolfach/t2dah,t2dah,11445,11445,176117,pass,352234.0,409.991273,0.0293015,12.02102281453168,0.061646270843752196,2026-09-01T05:26:27.668315+00:00,source
2,d76fc79d-6f7e-447c-b2f2-8c452b876543-A100-SXM4-80GB-spmv.csr.fp32-sigma-131072,GHOST-SELL-C32-sigma-131072,GHOST SELL-C32 sigma 131072,sigma-131072,GHOST-SELL-C32-sigma,candidate,,sell,spmv.csr.fp32,fp32,A100-SXM4-80GB,A100-SXM4-80GB,19500.0,d76fc79d-6f7e-447c-b2f2-8c452b876543,suitesparse_sample_100,CEMW/tmt_sym,tmt_sym,726713,726713,5080961,pass,10161922.0,797.474857,0.06409505,158.54456779423683,0.8130490656114708,2026-09-01T05:28:47.473722+00:00,source
2,d76fc79d-6f7e-447c-b2f2-8c452b876543-A100-SXM4-80GB-spmv.csr.fp32-sigma-131072,GHOST-SELL-C32-sigma-131072,GHOST SELL-C32 sigma 131072,sigma-131072,GHOST-SELL-C32-sigma,candidate,,sell,spmv.csr.fp32,fp32,A100-SXM4-80GB,A100-SXM4-80GB,19500.0,d76fc79d-6f7e-447c-b2f2-8c452b876543,suitesparse_sample_100,Norris/torso3,torso3,259156,259156,4429042,pass,8858084.0,641.464838,0.05527005,160.26915119490573,0.8218930830507987,2026-09-01T05:35:32.995134+00:00,source
2,d76fc79d-6f7e-447c-b2f2-8c452b876543-A100-SXM4-80GB-spmv.csr.fp32-sigma-131072,GHOST-SELL-C32-sigma-131072,GHOST SELL-C32 sigma 131072,sigma-131072,GHOST-SELL-C32-sigma,candidate,,sell,spmv.csr.fp32,fp32,A100-SXM4-80GB,A100-SXM4-80GB,19500.0,d76fc79d-6f7e-447c-b2f2-8c452b876543,suitesparse_sample_100,IBM_EDA/trans5,trans5,116835,116835,766396,pass,1532792.0,13352.468302,13.6944375,0.11192807298583823,0.0005739901178760936,2026-09-01T05:28:22.127373+00:00,source
2,d76fc79d-6f7e-447c-b2f2-8c452b876543-A100-SXM4-80GB-spmv.csr.fp32-sigma-131072,GHOST-SELL-C32-sigma-131072,GHOST SELL-C32 sigma 131072,sigma-131072,GHOST-SELL-C32-sigma,candidate,,sell,spmv.csr.fp32,fp32,A100-SXM4-80GB,A100-SXM4-80GB,19500.0,d76fc79d-6f7e-447c-b2f2-8c452b876543,suitesparse_sample_100,Meszaros/ts-palko,ts-palko,22002,47235,1076903,pass,2153806.0,948.323623,3.8159127,0.5644274828404748,0.002894499912002435,2026-09-01T05:28:06.103217+00:00,source
2,d76fc79d-6f7e-447c-b2f2-8c452b876543-A100-SXM4-80GB-spmv.csr.fp32-sigma-131072,GHOST-SELL-C32-sigma-131072,GHOST SELL-C32 sigma 131072,sigma-131072,GHOST-SELL-C32-sigma,candidate,,sell,spmv.csr.fp32,fp32,A100-SXM4-80GB,A100-SXM4-80GB,19500.0,d76fc79d-6f7e-447c-b2f2-8c452b876543,suitesparse_sample_100,GHS_psdef/wathen120,wathen120,36441,36441,565761,pass,1131522.0,304.103645,0.05623505,20.12129445959415,0.10318612543381614,2026-09-01T05:28:51.283277+00:00,source
2,d76fc79d-6f7e-447c-b2f2-8c452b876543-A100-SXM4-80GB-spmv.csr.fp32-sigma-131072,GHOST-SELL-C32-sigma-131072,GHOST SELL-C32 sigma 131072,sigma-131072,GHOST-SELL-C32-sigma,candidate,,sell,spmv.csr.fp32,fp32,A100-SXM4-80GB,A100-SXM4-80GB,19500.0,d76fc79d-6f7e-447c-b2f2-8c452b876543,suitesparse_sample_100,SNAP/web-Google,web-Google,916428,916428,5105039,pass,10210078.0,1138.381123,0.19097565,53.4627215563869,0.27416780285326614,2026-09-01T05:35:48.432072+00:00,source
2,d76fc79d-6f7e-447c-b2f2-8c452b876543-A100-SXM4-80GB-spmv.csr.fp32-sigma-131072,GHOST-SELL-C32-sigma-131072,GHOST SELL-C32 sigma 131072,sigma-131072,GHOST-SELL-C32-sigma,candidate,,sell,spmv.csr.fp32,fp32,A100-SXM4-80GB,A100-SXM4-80GB,19500.0,d76fc79d-6f7e-447c-b2f2-8c452b876543,suitesparse_sample_100,HB/west0067,west0067,67,67,294,pass,588.0,369.550719,0.0328725,0.017887291809263062,9.172970158596443e-05,2026-09-01T05:30:21.548680+00:00,source
2,d76fc79d-6f7e-447c-b2f2-8c452b876543-A100-SXM4-80GB-spmv.csr.fp32-sigma-131072,GHOST-SELL-C32-sigma-131072,GHOST SELL-C32 sigma 131072,sigma-131072,GHOST-SELL-C32-sigma,candidate,,sell,spmv.csr.fp32,fp32,A100-SXM4-80GB,A100-SXM4-80GB,19500.0,d76fc79d-6f7e-447c-b2f2-8c452b876543,suitesparse_sample_100,HB/west0132,west0132,132,132,414,pass,828.0,359.971571,0.03709805,0.02231923241248529,0.00011445760211530918,2026-09-01T05:20:54.101044+00:00,source
2,d76fc79d-6f7e-447c-b2f2-8c452b876543-A100-SXM4-80GB-spmv.csr.fp32-sigma-131072,GHOST-SELL-C32-sigma-131072,GHOST SELL-C32 sigma 131072,sigma-131072,GHOST-SELL-C32-sigma,candidate,,sell,spmv.csr.fp32,fp32,A100-SXM4-80GB,A100-SXM4-80GB,19500.0,d76fc79d-6f7e-447c-b2f2-8c452b876543,suitesparse_sample_100,HB/west0167,west0167,167,167,507,pass,1014.0,661.199093,0.0277845,0.03649516816930303,0.00018715470856052837,2026-09-01T05:35:39.113663+00:00,source
2,d76fc79d-6f7e-447c-b2f2-8c452b876543-A100-SXM4-80GB-spmv.csr.fp32-sigma-131072,GHOST-SELL-C32-sigma-131072,GHOST SELL-C32 sigma 131072,sigma-131072,GHOST-SELL-C32-sigma,candidate,,sell,spmv.csr.fp32,fp32,A100-SXM4-80GB,A100-SXM4-80GB,19500.0,d76fc79d-6f7e-447c-b2f2-8c452b876543,suitesparse_sample_100,HB/west0497,west0497,497,497,1727,pass,3454.0,482.559464,0.0284385,0.12145506971183431,0.0006228465113427401,2026-09-01T05:21:34.925056+00:00,source
2,d76fc79d-6f7e-447c-b2f2-8c452b876543-A100-SXM4-80GB-spmv.csr.fp32-sigma-131072,GHOST-SELL-C32-sigma-131072,GHOST SELL-C32 sigma 131072,sigma-131072,GHOST-SELL-C32-sigma,candidate,,sell,spmv.csr.fp32,fp32,A100-SXM4-80GB,A100-SXM4-80GB,19500.0,d76fc79d-6f7e-447c-b2f2-8c452b876543,suitesparse_sample_100,Gleich/wikipedia-20060925,wikipedia-20060925,2983494,2983494,37269096,pass,74538192.0,13132.400888,1.74226095,42.78245001129137,0.21939717954508392,2026-09-01T05:30:51.150989+00:00,source
2,d76fc79d-6f7e-447c-b2f2-8c452b876543-A100-SXM4-80GB-spmv.csr.fp32-sigma-131072,GHOST-SELL-C32-sigma-131072,GHOST SELL-C32 sigma 131072,sigma-131072,GHOST-SELL-C32-sigma,candidate,,sell,spmv.csr.fp32,fp32,A100-SXM4-80GB,A100-SXM4-80GB,19500.0,d76fc79d-6f7e-447c-b2f2-8c452b876543,suitesparse_sample_100,Gleich/wikipedia-20070206,wikipedia-20070206,3566907,3566907,45030389,pass,90060778.0,16604.099785,2.0350657,44.254481808621705,0.2269460605570344,2026-09-01T05:26:09.610085+00:00,source
2,d76fc79d-6f7e-447c-b2f2-8c452b876543-A100-SXM4-80GB-spmv.csr.fp32-sigma-131072,GHOST-SELL-C32-sigma-131072,GHOST SELL-C32 sigma 131072,sigma-131072,GHOST-SELL-C32-sigma,candidate,,sell,spmv.csr.fp32,fp32,A100-SXM4-80GB,A100-SXM4-80GB,19500.0,d76fc79d-6f7e-447c-b2f2-8c452b876543,suitesparse_sample_100,Rommes/zeros_nopss_13k,zeros_nopss_13k,13296,13296,48827,pass,97654.0,245.354985,0.02967605,3.290667053061307,0.016875215656724653,2026-09-01T05:34:03.988388+00:00,source
